<?xml version="1.0" encoding="UTF-8"?>
<project-private xmlns="http://www.netbeans.org/ns/project-private/1">
    <editor-bookmarks xmlns="http://www.netbeans.org/ns/editor-bookmarks/1"/>
    <open-files xmlns="http://www.netbeans.org/ns/projectui-open-files/1">
        <file>file:/home/heffel/NetBeansProjects/Code_8082/jasper_book_chapter_11/jpa/build.xml</file>
        <file>file:/home/heffel/NetBeansProjects/Code_8082/jasper_book_chapter_11/jpa/src/net/ensode/jasperbook/jpa/JpaDemo.java</file>
        <file>file:/home/heffel/NetBeansProjects/Code_8082/jasper_book_chapter_11/jpa/src/net/ensode/jasperbook/jpa/entities/Aircraft.java</file>
    </open-files>
</project-private>
