<?xml version="1.0" encoding="UTF-8"?>

<!-- ====================================================================== -->
<!-- Ant build file (http://ant.apache.org/) for Ant 1.6.2 or above.        -->
<!-- ====================================================================== -->

<!-- ====================================================================== -->
<!-- ===================== - DO NOT EDIT THIS FILE! - ===================== -->
<!-- ====================================================================== -->
<!--                                                                        -->
<!-- Any modifications will be overwritten.                                 -->
<!--                                                                        -->
<!-- Generated by Maven Ant Plugin on 5/23/09 7:09 PM                       -->
<!-- See: http://maven.apache.org/plugins/maven-ant-plugin/                 -->
<!--                                                                        -->
<!-- ====================================================================== -->

<project name="jasper-myfaces-from-maven" default="package" basedir=".">

  <!-- ====================================================================== -->
  <!-- Build environment properties                                           -->
  <!-- ====================================================================== -->

  <property file="${user.home}/.m2/maven.properties"/>
  <property file="maven-build.properties"/>

  <property name="maven.build.finalName" value="jasper-myfaces"/>
  <property name="maven.build.dir" value="target"/>
  <property name="maven.build.outputDir" value="${maven.build.dir}/classes"/>
  <property name="maven.build.srcDir.0" value="src/main/java"/>
  <property name="maven.build.resourceDir.0" value="src/main/resources"/>
  <property name="maven.build.testOutputDir" value="${maven.build.dir}/test-classes"/>
  <property name="maven.build.testDir.0" value="src/test/java"/>
  <property name="maven.build.testResourceDir.0" value="src/test/resources"/>
  <property name="maven.test.reports" value="${maven.build.dir}/test-reports"/>
  <property name="maven.reporting.outputDirectory" value="${maven.build.dir}/site"/>

  <property name="maven.repo.local" value="${user.home}/.m2/repository"/>
  <property name="maven.settings.offline" value="false"/>
  <property name="maven.settings.interactiveMode" value="true"/>

  <!-- ====================================================================== -->
  <!-- Defining classpaths                                                    -->
  <!-- ====================================================================== -->

  <path id="build.classpath">
    <fileset dir="${maven.repo.local}">
      <include name="org/apache/myfaces/core/myfaces-api/1.2.2/myfaces-api-1.2.2.jar"/>
      <include name="commons-logging/commons-logging/1.1.1/commons-logging-1.1.1.jar"/>
      <include name="org/apache/myfaces/core/myfaces-impl/1.2.2/myfaces-impl-1.2.2.jar"/>
      <include name="commons-collections/commons-collections/3.2/commons-collections-3.2.jar"/>
      <include name="commons-discovery/commons-discovery/0.4/commons-discovery-0.4.jar"/>
      <include name="commons-codec/commons-codec/1.3/commons-codec-1.3.jar"/>
      <include name="commons-beanutils/commons-beanutils/1.7.0/commons-beanutils-1.7.0.jar"/>
      <include name="commons-digester/commons-digester/1.8/commons-digester-1.8.jar"/>
      <include name="jasperreports/jasperreports/3.1.2/jasperreports-3.1.2.jar"/>
      <include name="com/lowagie/itext/2.1.0/itext-2.1.0.jar"/>
      <include name="bouncycastle/bcmail-jdk14/136/bcmail-jdk14-136.jar"/>
      <include name="bouncycastle/bcprov-jdk14/136/bcprov-jdk14-136.jar"/>
      <include name="jfree/jcommon/1.0.12/jcommon-1.0.12.jar"/>
      <include name="jfree/jfreechart/1.0.9/jfreechart-1.0.9.jar"/>
      <include name="xml-apis/xml-apis/1.3.02/xml-apis-1.3.02.jar"/>
      <include name="eclipse/jdtcore/3.1.0/jdtcore-3.1.0.jar"/>
      <include name="javax/servlet/servlet-api/2.4/servlet-api-2.4.jar"/>
      <include name="mysql/mysql-connector-java/5.1.6/mysql-connector-java-5.1.6.jar"/>
    </fileset>
  </path>
  <path id="build.test.classpath">
    <fileset dir="${maven.repo.local}">
      <include name="org/apache/myfaces/core/myfaces-api/1.2.2/myfaces-api-1.2.2.jar"/>
      <include name="commons-logging/commons-logging/1.1.1/commons-logging-1.1.1.jar"/>
      <include name="org/apache/myfaces/core/myfaces-impl/1.2.2/myfaces-impl-1.2.2.jar"/>
      <include name="commons-collections/commons-collections/3.2/commons-collections-3.2.jar"/>
      <include name="commons-discovery/commons-discovery/0.4/commons-discovery-0.4.jar"/>
      <include name="commons-codec/commons-codec/1.3/commons-codec-1.3.jar"/>
      <include name="commons-beanutils/commons-beanutils/1.7.0/commons-beanutils-1.7.0.jar"/>
      <include name="commons-digester/commons-digester/1.8/commons-digester-1.8.jar"/>
      <include name="org/apache/myfaces/tomahawk/tomahawk/1.1.6/tomahawk-1.1.6.jar"/>
      <include name="commons-validator/commons-validator/1.3.1/commons-validator-1.3.1.jar"/>
      <include name="commons-fileupload/commons-fileupload/1.0/commons-fileupload-1.0.jar"/>
      <include name="commons-el/commons-el/1.0/commons-el-1.0.jar"/>
      <include name="oro/oro/2.0.8/oro-2.0.8.jar"/>
      <include name="commons-lang/commons-lang/2.1/commons-lang-2.1.jar"/>
      <include name="jstl/jstl/1.2/jstl-1.2.jar"/>
      <include name="junit/junit/4.0/junit-4.0.jar"/>
      <include name="jasperreports/jasperreports/3.1.2/jasperreports-3.1.2.jar"/>
      <include name="com/lowagie/itext/2.1.0/itext-2.1.0.jar"/>
      <include name="bouncycastle/bcmail-jdk14/136/bcmail-jdk14-136.jar"/>
      <include name="bouncycastle/bcprov-jdk14/136/bcprov-jdk14-136.jar"/>
      <include name="jfree/jcommon/1.0.12/jcommon-1.0.12.jar"/>
      <include name="jfree/jfreechart/1.0.9/jfreechart-1.0.9.jar"/>
      <include name="xml-apis/xml-apis/1.3.02/xml-apis-1.3.02.jar"/>
      <include name="eclipse/jdtcore/3.1.0/jdtcore-3.1.0.jar"/>
      <include name="javax/servlet/servlet-api/2.4/servlet-api-2.4.jar"/>
      <include name="mysql/mysql-connector-java/5.1.6/mysql-connector-java-5.1.6.jar"/>
    </fileset>
  </path>

  <!-- ====================================================================== -->
  <!-- Cleaning up target                                                     -->
  <!-- ====================================================================== -->

  <target name="clean" description="Clean the output directory">
    <delete dir="${maven.build.dir}"/>
  </target>

  <!-- ====================================================================== -->
  <!-- Compilation target                                                     -->
  <!-- ====================================================================== -->

  <target name="compile" depends="get-deps" description="Compile the code">
    <mkdir dir="${maven.build.outputDir}"/>
    <javac destdir="${maven.build.outputDir}" 
           nowarn="false" 
           debug="true" 
           optimize="false" 
           deprecation="true" 
           target="1.1" 
           verbose="false" 
           fork="false" 
           source="1.3">
      <src>
        <pathelement location="${maven.build.srcDir.0}"/>
      </src>
      <classpath refid="build.classpath"/>
    </javac>
    <copy todir="${maven.build.outputDir}">
      <fileset dir="${maven.build.resourceDir.0}"/>
    </copy>
  </target>

  <!-- ====================================================================== -->
  <!-- Test-compilation target                                                -->
  <!-- ====================================================================== -->

  <target name="compile-tests" 
          depends="compile" 
          description="Compile the test code" 
          unless="maven.test.skip">
    <mkdir dir="${maven.build.testOutputDir}"/>
  </target>

  <!-- ====================================================================== -->
  <!-- Run all tests                                                          -->
  <!-- ====================================================================== -->

  <target name="test" 
          depends="compile-tests, junit-missing" 
          unless="junit.skipped" 
          description="Run the test cases"/>

  <target name="test-junit-present">
    <available classname="junit.framework.Test" property="junit.present"/>
  </target>

  <target name="test-junit-status" 
          depends="test-junit-present">
    <condition property="junit.missing">
      <and>
        <isfalse value="${junit.present}"/>
        <isfalse value="${maven.test.skip}"/>
      </and>
    </condition>
    <condition property="junit.skipped">
      <or>
        <isfalse value="${junit.present}"/>
        <istrue value="${maven.test.skip}"/>
      </or>
    </condition>
  </target>

  <target name="junit-missing" 
          depends="test-junit-status" 
          if="junit.missing">
    <echo>=================================== WARNING ===================================</echo>
    <echo> JUnit is not present in your $ANT_HOME/lib directory. Tests not executed.</echo>
    <echo>===============================================================================</echo>
  </target>

  <!-- ====================================================================== -->
  <!-- Javadoc target                                                         -->
  <!-- ====================================================================== -->

  <target name="javadoc" description="Generates the Javadoc of the application">
    <javadoc sourcepath="${maven.build.srcDir.0}" 
             packagenames="*" 
             destdir="${maven.reporting.outputDirectory}/apidocs" 
             access="protected" 
             old="false" 
             verbose="false" 
             version="true" 
             use="true" 
             author="true" 
             splitindex="false" 
             nodeprecated="false" 
             nodeprecatedlist="false" 
             notree="false" 
             noindex="false" 
             nohelp="false" 
             nonavbar="false" 
             serialwarn="false" 
             charset="ISO-8859-1" 
             linksource="false" 
             breakiterator="false"/>
  </target>

  <!-- ====================================================================== -->
  <!-- Package target                                                         -->
  <!-- ====================================================================== -->

  <target name="package" depends="compile,test" description="Package the application">
    <mkdir dir="${maven.build.dir}/${maven.build.finalName}/WEB-INF/lib"/>
    <copy file="/home/heffel/.m2/repository/org/apache/myfaces/core/myfaces-api/1.2.2/myfaces-api-1.2.2.jar" 
          todir="${maven.build.dir}/${maven.build.finalName}/WEB-INF/lib"/>
    <copy file="/home/heffel/.m2/repository/org/apache/myfaces/core/myfaces-impl/1.2.2/myfaces-impl-1.2.2.jar" 
          todir="${maven.build.dir}/${maven.build.finalName}/WEB-INF/lib"/>
    <copy file="/home/heffel/.m2/repository/org/apache/myfaces/tomahawk/tomahawk/1.1.6/tomahawk-1.1.6.jar" 
          todir="${maven.build.dir}/${maven.build.finalName}/WEB-INF/lib"/>
    <copy file="/home/heffel/.m2/repository/jstl/jstl/1.2/jstl-1.2.jar" 
          todir="${maven.build.dir}/${maven.build.finalName}/WEB-INF/lib"/>
    <copy file="/home/heffel/.m2/repository/jasperreports/jasperreports/3.1.2/jasperreports-3.1.2.jar" 
          todir="${maven.build.dir}/${maven.build.finalName}/WEB-INF/lib"/>
    <copy file="/home/heffel/.m2/repository/javax/servlet/servlet-api/2.4/servlet-api-2.4.jar" 
          todir="${maven.build.dir}/${maven.build.finalName}/WEB-INF/lib"/>
    <copy file="/home/heffel/.m2/repository/mysql/mysql-connector-java/5.1.6/mysql-connector-java-5.1.6.jar" 
          todir="${maven.build.dir}/${maven.build.finalName}/WEB-INF/lib"/>
    <war destfile="${maven.build.dir}/${maven.build.finalName}.war" 
         basedir="${maven.build.outputDir}" 
         compress="true" 
         webxml="${basedir}/src/main/webapp/WEB-INF/web.xml">
      <lib dir="${maven.build.dir}/${maven.build.finalName}/WEB-INF/lib"/>
      <classes dir="${maven.build.outputDir}"/>
      <webinf dir="${basedir}/src/main/webapp/WEB-INF" 
              excludes="web.xml"/>
      <fileset dir="${basedir}/src/main/webapp"/>
    </war>
  </target>

  <!-- ====================================================================== -->
  <!-- A dummy target for the package named after the type it creates         -->
  <!-- ====================================================================== -->

  <target name="war" depends="package" description="Builds the war for the application"/>

  <!-- ====================================================================== -->
  <!-- Download dependencies target                                           -->
  <!-- ====================================================================== -->

  <target name="test-offline">
    <condition property="maven.mode.offline">
      <equals arg1="${maven.settings.offline}" arg2="true"/>
    </condition>
  </target>

  <target name="get-deps" 
          depends="test-offline" 
          description="Download all dependencies" 
          unless="maven.mode.offline">
    <mkdir dir="${maven.repo.local}"/>
    <mkdir dir="${maven.repo.local}/org/apache/myfaces/core/myfaces-api/1.2.2"/>
    <get src="http://people.apache.org/repo/m2-snapshot-repository/org/apache/myfaces/core/myfaces-api/1.2.2/myfaces-api-1.2.2.jar" 
         dest="${maven.repo.local}/org/apache/myfaces/core/myfaces-api/1.2.2/myfaces-api-1.2.2.jar" 
         usetimestamp="false" 
         ignoreerrors="true"/>
    <get src="http://download.java.net/maven/1/org/apache/myfaces/core/myfaces-api/1.2.2/myfaces-api-1.2.2.jar" 
         dest="${maven.repo.local}/org/apache/myfaces/core/myfaces-api/1.2.2/myfaces-api-1.2.2.jar" 
         usetimestamp="false" 
         ignoreerrors="true"/>
    <get src="http://repo1.maven.org/maven2/org/apache/myfaces/core/myfaces-api/1.2.2/myfaces-api-1.2.2.jar" 
         dest="${maven.repo.local}/org/apache/myfaces/core/myfaces-api/1.2.2/myfaces-api-1.2.2.jar" 
         usetimestamp="false" 
         ignoreerrors="true"/>
    <mkdir dir="${maven.repo.local}/commons-logging/commons-logging/1.1.1"/>
    <get src="http://people.apache.org/repo/m2-snapshot-repository/commons-logging/commons-logging/1.1.1/commons-logging-1.1.1.jar" 
         dest="${maven.repo.local}/commons-logging/commons-logging/1.1.1/commons-logging-1.1.1.jar" 
         usetimestamp="false" 
         ignoreerrors="true"/>
    <get src="http://download.java.net/maven/1/commons-logging/commons-logging/1.1.1/commons-logging-1.1.1.jar" 
         dest="${maven.repo.local}/commons-logging/commons-logging/1.1.1/commons-logging-1.1.1.jar" 
         usetimestamp="false" 
         ignoreerrors="true"/>
    <get src="http://repo1.maven.org/maven2/commons-logging/commons-logging/1.1.1/commons-logging-1.1.1.jar" 
         dest="${maven.repo.local}/commons-logging/commons-logging/1.1.1/commons-logging-1.1.1.jar" 
         usetimestamp="false" 
         ignoreerrors="true"/>
    <mkdir dir="${maven.repo.local}/org/apache/myfaces/core/myfaces-impl/1.2.2"/>
    <get src="http://people.apache.org/repo/m2-snapshot-repository/org/apache/myfaces/core/myfaces-impl/1.2.2/myfaces-impl-1.2.2.jar" 
         dest="${maven.repo.local}/org/apache/myfaces/core/myfaces-impl/1.2.2/myfaces-impl-1.2.2.jar" 
         usetimestamp="false" 
         ignoreerrors="true"/>
    <get src="http://download.java.net/maven/1/org/apache/myfaces/core/myfaces-impl/1.2.2/myfaces-impl-1.2.2.jar" 
         dest="${maven.repo.local}/org/apache/myfaces/core/myfaces-impl/1.2.2/myfaces-impl-1.2.2.jar" 
         usetimestamp="false" 
         ignoreerrors="true"/>
    <get src="http://repo1.maven.org/maven2/org/apache/myfaces/core/myfaces-impl/1.2.2/myfaces-impl-1.2.2.jar" 
         dest="${maven.repo.local}/org/apache/myfaces/core/myfaces-impl/1.2.2/myfaces-impl-1.2.2.jar" 
         usetimestamp="false" 
         ignoreerrors="true"/>
    <mkdir dir="${maven.repo.local}/commons-collections/commons-collections/3.2"/>
    <get src="http://people.apache.org/repo/m2-snapshot-repository/commons-collections/commons-collections/3.2/commons-collections-3.2.jar" 
         dest="${maven.repo.local}/commons-collections/commons-collections/3.2/commons-collections-3.2.jar" 
         usetimestamp="false" 
         ignoreerrors="true"/>
    <get src="http://download.java.net/maven/1/commons-collections/commons-collections/3.2/commons-collections-3.2.jar" 
         dest="${maven.repo.local}/commons-collections/commons-collections/3.2/commons-collections-3.2.jar" 
         usetimestamp="false" 
         ignoreerrors="true"/>
    <get src="http://repo1.maven.org/maven2/commons-collections/commons-collections/3.2/commons-collections-3.2.jar" 
         dest="${maven.repo.local}/commons-collections/commons-collections/3.2/commons-collections-3.2.jar" 
         usetimestamp="false" 
         ignoreerrors="true"/>
    <mkdir dir="${maven.repo.local}/commons-discovery/commons-discovery/0.4"/>
    <get src="http://people.apache.org/repo/m2-snapshot-repository/commons-discovery/commons-discovery/0.4/commons-discovery-0.4.jar" 
         dest="${maven.repo.local}/commons-discovery/commons-discovery/0.4/commons-discovery-0.4.jar" 
         usetimestamp="false" 
         ignoreerrors="true"/>
    <get src="http://download.java.net/maven/1/commons-discovery/commons-discovery/0.4/commons-discovery-0.4.jar" 
         dest="${maven.repo.local}/commons-discovery/commons-discovery/0.4/commons-discovery-0.4.jar" 
         usetimestamp="false" 
         ignoreerrors="true"/>
    <get src="http://repo1.maven.org/maven2/commons-discovery/commons-discovery/0.4/commons-discovery-0.4.jar" 
         dest="${maven.repo.local}/commons-discovery/commons-discovery/0.4/commons-discovery-0.4.jar" 
         usetimestamp="false" 
         ignoreerrors="true"/>
    <mkdir dir="${maven.repo.local}/commons-codec/commons-codec/1.3"/>
    <get src="http://people.apache.org/repo/m2-snapshot-repository/commons-codec/commons-codec/1.3/commons-codec-1.3.jar" 
         dest="${maven.repo.local}/commons-codec/commons-codec/1.3/commons-codec-1.3.jar" 
         usetimestamp="false" 
         ignoreerrors="true"/>
    <get src="http://download.java.net/maven/1/commons-codec/commons-codec/1.3/commons-codec-1.3.jar" 
         dest="${maven.repo.local}/commons-codec/commons-codec/1.3/commons-codec-1.3.jar" 
         usetimestamp="false" 
         ignoreerrors="true"/>
    <get src="http://repo1.maven.org/maven2/commons-codec/commons-codec/1.3/commons-codec-1.3.jar" 
         dest="${maven.repo.local}/commons-codec/commons-codec/1.3/commons-codec-1.3.jar" 
         usetimestamp="false" 
         ignoreerrors="true"/>
    <mkdir dir="${maven.repo.local}/commons-beanutils/commons-beanutils/1.7.0"/>
    <get src="http://people.apache.org/repo/m2-snapshot-repository/commons-beanutils/commons-beanutils/1.7.0/commons-beanutils-1.7.0.jar" 
         dest="${maven.repo.local}/commons-beanutils/commons-beanutils/1.7.0/commons-beanutils-1.7.0.jar" 
         usetimestamp="false" 
         ignoreerrors="true"/>
    <get src="http://download.java.net/maven/1/commons-beanutils/commons-beanutils/1.7.0/commons-beanutils-1.7.0.jar" 
         dest="${maven.repo.local}/commons-beanutils/commons-beanutils/1.7.0/commons-beanutils-1.7.0.jar" 
         usetimestamp="false" 
         ignoreerrors="true"/>
    <get src="http://repo1.maven.org/maven2/commons-beanutils/commons-beanutils/1.7.0/commons-beanutils-1.7.0.jar" 
         dest="${maven.repo.local}/commons-beanutils/commons-beanutils/1.7.0/commons-beanutils-1.7.0.jar" 
         usetimestamp="false" 
         ignoreerrors="true"/>
    <mkdir dir="${maven.repo.local}/commons-digester/commons-digester/1.8"/>
    <get src="http://people.apache.org/repo/m2-snapshot-repository/commons-digester/commons-digester/1.8/commons-digester-1.8.jar" 
         dest="${maven.repo.local}/commons-digester/commons-digester/1.8/commons-digester-1.8.jar" 
         usetimestamp="false" 
         ignoreerrors="true"/>
    <get src="http://download.java.net/maven/1/commons-digester/commons-digester/1.8/commons-digester-1.8.jar" 
         dest="${maven.repo.local}/commons-digester/commons-digester/1.8/commons-digester-1.8.jar" 
         usetimestamp="false" 
         ignoreerrors="true"/>
    <get src="http://repo1.maven.org/maven2/commons-digester/commons-digester/1.8/commons-digester-1.8.jar" 
         dest="${maven.repo.local}/commons-digester/commons-digester/1.8/commons-digester-1.8.jar" 
         usetimestamp="false" 
         ignoreerrors="true"/>
    <mkdir dir="${maven.repo.local}/org/apache/myfaces/tomahawk/tomahawk/1.1.6"/>
    <get src="http://people.apache.org/repo/m2-snapshot-repository/org/apache/myfaces/tomahawk/tomahawk/1.1.6/tomahawk-1.1.6.jar" 
         dest="${maven.repo.local}/org/apache/myfaces/tomahawk/tomahawk/1.1.6/tomahawk-1.1.6.jar" 
         usetimestamp="false" 
         ignoreerrors="true"/>
    <get src="http://download.java.net/maven/1/org/apache/myfaces/tomahawk/tomahawk/1.1.6/tomahawk-1.1.6.jar" 
         dest="${maven.repo.local}/org/apache/myfaces/tomahawk/tomahawk/1.1.6/tomahawk-1.1.6.jar" 
         usetimestamp="false" 
         ignoreerrors="true"/>
    <get src="http://repo1.maven.org/maven2/org/apache/myfaces/tomahawk/tomahawk/1.1.6/tomahawk-1.1.6.jar" 
         dest="${maven.repo.local}/org/apache/myfaces/tomahawk/tomahawk/1.1.6/tomahawk-1.1.6.jar" 
         usetimestamp="false" 
         ignoreerrors="true"/>
    <mkdir dir="${maven.repo.local}/commons-validator/commons-validator/1.3.1"/>
    <get src="http://people.apache.org/repo/m2-snapshot-repository/commons-validator/commons-validator/1.3.1/commons-validator-1.3.1.jar" 
         dest="${maven.repo.local}/commons-validator/commons-validator/1.3.1/commons-validator-1.3.1.jar" 
         usetimestamp="false" 
         ignoreerrors="true"/>
    <get src="http://download.java.net/maven/1/commons-validator/commons-validator/1.3.1/commons-validator-1.3.1.jar" 
         dest="${maven.repo.local}/commons-validator/commons-validator/1.3.1/commons-validator-1.3.1.jar" 
         usetimestamp="false" 
         ignoreerrors="true"/>
    <get src="http://repo1.maven.org/maven2/commons-validator/commons-validator/1.3.1/commons-validator-1.3.1.jar" 
         dest="${maven.repo.local}/commons-validator/commons-validator/1.3.1/commons-validator-1.3.1.jar" 
         usetimestamp="false" 
         ignoreerrors="true"/>
    <mkdir dir="${maven.repo.local}/commons-fileupload/commons-fileupload/1.0"/>
    <get src="http://people.apache.org/repo/m2-snapshot-repository/commons-fileupload/commons-fileupload/1.0/commons-fileupload-1.0.jar" 
         dest="${maven.repo.local}/commons-fileupload/commons-fileupload/1.0/commons-fileupload-1.0.jar" 
         usetimestamp="false" 
         ignoreerrors="true"/>
    <get src="http://download.java.net/maven/1/commons-fileupload/commons-fileupload/1.0/commons-fileupload-1.0.jar" 
         dest="${maven.repo.local}/commons-fileupload/commons-fileupload/1.0/commons-fileupload-1.0.jar" 
         usetimestamp="false" 
         ignoreerrors="true"/>
    <get src="http://repo1.maven.org/maven2/commons-fileupload/commons-fileupload/1.0/commons-fileupload-1.0.jar" 
         dest="${maven.repo.local}/commons-fileupload/commons-fileupload/1.0/commons-fileupload-1.0.jar" 
         usetimestamp="false" 
         ignoreerrors="true"/>
    <mkdir dir="${maven.repo.local}/commons-el/commons-el/1.0"/>
    <get src="http://people.apache.org/repo/m2-snapshot-repository/commons-el/commons-el/1.0/commons-el-1.0.jar" 
         dest="${maven.repo.local}/commons-el/commons-el/1.0/commons-el-1.0.jar" 
         usetimestamp="false" 
         ignoreerrors="true"/>
    <get src="http://download.java.net/maven/1/commons-el/commons-el/1.0/commons-el-1.0.jar" 
         dest="${maven.repo.local}/commons-el/commons-el/1.0/commons-el-1.0.jar" 
         usetimestamp="false" 
         ignoreerrors="true"/>
    <get src="http://repo1.maven.org/maven2/commons-el/commons-el/1.0/commons-el-1.0.jar" 
         dest="${maven.repo.local}/commons-el/commons-el/1.0/commons-el-1.0.jar" 
         usetimestamp="false" 
         ignoreerrors="true"/>
    <mkdir dir="${maven.repo.local}/oro/oro/2.0.8"/>
    <get src="http://people.apache.org/repo/m2-snapshot-repository/oro/oro/2.0.8/oro-2.0.8.jar" 
         dest="${maven.repo.local}/oro/oro/2.0.8/oro-2.0.8.jar" 
         usetimestamp="false" 
         ignoreerrors="true"/>
    <get src="http://download.java.net/maven/1/oro/oro/2.0.8/oro-2.0.8.jar" 
         dest="${maven.repo.local}/oro/oro/2.0.8/oro-2.0.8.jar" 
         usetimestamp="false" 
         ignoreerrors="true"/>
    <get src="http://repo1.maven.org/maven2/oro/oro/2.0.8/oro-2.0.8.jar" 
         dest="${maven.repo.local}/oro/oro/2.0.8/oro-2.0.8.jar" 
         usetimestamp="false" 
         ignoreerrors="true"/>
    <mkdir dir="${maven.repo.local}/commons-lang/commons-lang/2.1"/>
    <get src="http://people.apache.org/repo/m2-snapshot-repository/commons-lang/commons-lang/2.1/commons-lang-2.1.jar" 
         dest="${maven.repo.local}/commons-lang/commons-lang/2.1/commons-lang-2.1.jar" 
         usetimestamp="false" 
         ignoreerrors="true"/>
    <get src="http://download.java.net/maven/1/commons-lang/commons-lang/2.1/commons-lang-2.1.jar" 
         dest="${maven.repo.local}/commons-lang/commons-lang/2.1/commons-lang-2.1.jar" 
         usetimestamp="false" 
         ignoreerrors="true"/>
    <get src="http://repo1.maven.org/maven2/commons-lang/commons-lang/2.1/commons-lang-2.1.jar" 
         dest="${maven.repo.local}/commons-lang/commons-lang/2.1/commons-lang-2.1.jar" 
         usetimestamp="false" 
         ignoreerrors="true"/>
    <mkdir dir="${maven.repo.local}/jstl/jstl/1.2"/>
    <get src="http://people.apache.org/repo/m2-snapshot-repository/jstl/jstl/1.2/jstl-1.2.jar" 
         dest="${maven.repo.local}/jstl/jstl/1.2/jstl-1.2.jar" 
         usetimestamp="false" 
         ignoreerrors="true"/>
    <get src="http://download.java.net/maven/1/jstl/jstl/1.2/jstl-1.2.jar" 
         dest="${maven.repo.local}/jstl/jstl/1.2/jstl-1.2.jar" 
         usetimestamp="false" 
         ignoreerrors="true"/>
    <get src="http://repo1.maven.org/maven2/jstl/jstl/1.2/jstl-1.2.jar" 
         dest="${maven.repo.local}/jstl/jstl/1.2/jstl-1.2.jar" 
         usetimestamp="false" 
         ignoreerrors="true"/>
    <mkdir dir="${maven.repo.local}/junit/junit/4.0"/>
    <get src="http://people.apache.org/repo/m2-snapshot-repository/junit/junit/4.0/junit-4.0.jar" 
         dest="${maven.repo.local}/junit/junit/4.0/junit-4.0.jar" 
         usetimestamp="false" 
         ignoreerrors="true"/>
    <get src="http://download.java.net/maven/1/junit/junit/4.0/junit-4.0.jar" 
         dest="${maven.repo.local}/junit/junit/4.0/junit-4.0.jar" 
         usetimestamp="false" 
         ignoreerrors="true"/>
    <get src="http://repo1.maven.org/maven2/junit/junit/4.0/junit-4.0.jar" 
         dest="${maven.repo.local}/junit/junit/4.0/junit-4.0.jar" 
         usetimestamp="false" 
         ignoreerrors="true"/>
    <mkdir dir="${maven.repo.local}/jasperreports/jasperreports/3.1.2"/>
    <get src="http://people.apache.org/repo/m2-snapshot-repository/jasperreports/jasperreports/3.1.2/jasperreports-3.1.2.jar" 
         dest="${maven.repo.local}/jasperreports/jasperreports/3.1.2/jasperreports-3.1.2.jar" 
         usetimestamp="false" 
         ignoreerrors="true"/>
    <get src="http://download.java.net/maven/1/jasperreports/jasperreports/3.1.2/jasperreports-3.1.2.jar" 
         dest="${maven.repo.local}/jasperreports/jasperreports/3.1.2/jasperreports-3.1.2.jar" 
         usetimestamp="false" 
         ignoreerrors="true"/>
    <get src="http://repo1.maven.org/maven2/jasperreports/jasperreports/3.1.2/jasperreports-3.1.2.jar" 
         dest="${maven.repo.local}/jasperreports/jasperreports/3.1.2/jasperreports-3.1.2.jar" 
         usetimestamp="false" 
         ignoreerrors="true"/>
    <mkdir dir="${maven.repo.local}/com/lowagie/itext/2.1.0"/>
    <get src="http://people.apache.org/repo/m2-snapshot-repository/com/lowagie/itext/2.1.0/itext-2.1.0.jar" 
         dest="${maven.repo.local}/com/lowagie/itext/2.1.0/itext-2.1.0.jar" 
         usetimestamp="false" 
         ignoreerrors="true"/>
    <get src="http://download.java.net/maven/1/com/lowagie/itext/2.1.0/itext-2.1.0.jar" 
         dest="${maven.repo.local}/com/lowagie/itext/2.1.0/itext-2.1.0.jar" 
         usetimestamp="false" 
         ignoreerrors="true"/>
    <get src="http://repo1.maven.org/maven2/com/lowagie/itext/2.1.0/itext-2.1.0.jar" 
         dest="${maven.repo.local}/com/lowagie/itext/2.1.0/itext-2.1.0.jar" 
         usetimestamp="false" 
         ignoreerrors="true"/>
    <mkdir dir="${maven.repo.local}/bouncycastle/bcmail-jdk14/136"/>
    <get src="http://people.apache.org/repo/m2-snapshot-repository/bouncycastle/bcmail-jdk14/136/bcmail-jdk14-136.jar" 
         dest="${maven.repo.local}/bouncycastle/bcmail-jdk14/136/bcmail-jdk14-136.jar" 
         usetimestamp="false" 
         ignoreerrors="true"/>
    <get src="http://download.java.net/maven/1/bouncycastle/bcmail-jdk14/136/bcmail-jdk14-136.jar" 
         dest="${maven.repo.local}/bouncycastle/bcmail-jdk14/136/bcmail-jdk14-136.jar" 
         usetimestamp="false" 
         ignoreerrors="true"/>
    <get src="http://repo1.maven.org/maven2/bouncycastle/bcmail-jdk14/136/bcmail-jdk14-136.jar" 
         dest="${maven.repo.local}/bouncycastle/bcmail-jdk14/136/bcmail-jdk14-136.jar" 
         usetimestamp="false" 
         ignoreerrors="true"/>
    <mkdir dir="${maven.repo.local}/bouncycastle/bcprov-jdk14/136"/>
    <get src="http://people.apache.org/repo/m2-snapshot-repository/bouncycastle/bcprov-jdk14/136/bcprov-jdk14-136.jar" 
         dest="${maven.repo.local}/bouncycastle/bcprov-jdk14/136/bcprov-jdk14-136.jar" 
         usetimestamp="false" 
         ignoreerrors="true"/>
    <get src="http://download.java.net/maven/1/bouncycastle/bcprov-jdk14/136/bcprov-jdk14-136.jar" 
         dest="${maven.repo.local}/bouncycastle/bcprov-jdk14/136/bcprov-jdk14-136.jar" 
         usetimestamp="false" 
         ignoreerrors="true"/>
    <get src="http://repo1.maven.org/maven2/bouncycastle/bcprov-jdk14/136/bcprov-jdk14-136.jar" 
         dest="${maven.repo.local}/bouncycastle/bcprov-jdk14/136/bcprov-jdk14-136.jar" 
         usetimestamp="false" 
         ignoreerrors="true"/>
    <mkdir dir="${maven.repo.local}/jfree/jcommon/1.0.12"/>
    <get src="http://people.apache.org/repo/m2-snapshot-repository/jfree/jcommon/1.0.12/jcommon-1.0.12.jar" 
         dest="${maven.repo.local}/jfree/jcommon/1.0.12/jcommon-1.0.12.jar" 
         usetimestamp="false" 
         ignoreerrors="true"/>
    <get src="http://download.java.net/maven/1/jfree/jcommon/1.0.12/jcommon-1.0.12.jar" 
         dest="${maven.repo.local}/jfree/jcommon/1.0.12/jcommon-1.0.12.jar" 
         usetimestamp="false" 
         ignoreerrors="true"/>
    <get src="http://repo1.maven.org/maven2/jfree/jcommon/1.0.12/jcommon-1.0.12.jar" 
         dest="${maven.repo.local}/jfree/jcommon/1.0.12/jcommon-1.0.12.jar" 
         usetimestamp="false" 
         ignoreerrors="true"/>
    <mkdir dir="${maven.repo.local}/jfree/jfreechart/1.0.9"/>
    <get src="http://people.apache.org/repo/m2-snapshot-repository/jfree/jfreechart/1.0.9/jfreechart-1.0.9.jar" 
         dest="${maven.repo.local}/jfree/jfreechart/1.0.9/jfreechart-1.0.9.jar" 
         usetimestamp="false" 
         ignoreerrors="true"/>
    <get src="http://download.java.net/maven/1/jfree/jfreechart/1.0.9/jfreechart-1.0.9.jar" 
         dest="${maven.repo.local}/jfree/jfreechart/1.0.9/jfreechart-1.0.9.jar" 
         usetimestamp="false" 
         ignoreerrors="true"/>
    <get src="http://repo1.maven.org/maven2/jfree/jfreechart/1.0.9/jfreechart-1.0.9.jar" 
         dest="${maven.repo.local}/jfree/jfreechart/1.0.9/jfreechart-1.0.9.jar" 
         usetimestamp="false" 
         ignoreerrors="true"/>
    <mkdir dir="${maven.repo.local}/xml-apis/xml-apis/1.3.02"/>
    <get src="http://people.apache.org/repo/m2-snapshot-repository/xml-apis/xml-apis/1.3.02/xml-apis-1.3.02.jar" 
         dest="${maven.repo.local}/xml-apis/xml-apis/1.3.02/xml-apis-1.3.02.jar" 
         usetimestamp="false" 
         ignoreerrors="true"/>
    <get src="http://download.java.net/maven/1/xml-apis/xml-apis/1.3.02/xml-apis-1.3.02.jar" 
         dest="${maven.repo.local}/xml-apis/xml-apis/1.3.02/xml-apis-1.3.02.jar" 
         usetimestamp="false" 
         ignoreerrors="true"/>
    <get src="http://repo1.maven.org/maven2/xml-apis/xml-apis/1.3.02/xml-apis-1.3.02.jar" 
         dest="${maven.repo.local}/xml-apis/xml-apis/1.3.02/xml-apis-1.3.02.jar" 
         usetimestamp="false" 
         ignoreerrors="true"/>
    <mkdir dir="${maven.repo.local}/eclipse/jdtcore/3.1.0"/>
    <get src="http://people.apache.org/repo/m2-snapshot-repository/eclipse/jdtcore/3.1.0/jdtcore-3.1.0.jar" 
         dest="${maven.repo.local}/eclipse/jdtcore/3.1.0/jdtcore-3.1.0.jar" 
         usetimestamp="false" 
         ignoreerrors="true"/>
    <get src="http://download.java.net/maven/1/eclipse/jdtcore/3.1.0/jdtcore-3.1.0.jar" 
         dest="${maven.repo.local}/eclipse/jdtcore/3.1.0/jdtcore-3.1.0.jar" 
         usetimestamp="false" 
         ignoreerrors="true"/>
    <get src="http://repo1.maven.org/maven2/eclipse/jdtcore/3.1.0/jdtcore-3.1.0.jar" 
         dest="${maven.repo.local}/eclipse/jdtcore/3.1.0/jdtcore-3.1.0.jar" 
         usetimestamp="false" 
         ignoreerrors="true"/>
    <mkdir dir="${maven.repo.local}/javax/servlet/servlet-api/2.4"/>
    <get src="http://people.apache.org/repo/m2-snapshot-repository/javax/servlet/servlet-api/2.4/servlet-api-2.4.jar" 
         dest="${maven.repo.local}/javax/servlet/servlet-api/2.4/servlet-api-2.4.jar" 
         usetimestamp="false" 
         ignoreerrors="true"/>
    <get src="http://download.java.net/maven/1/javax/servlet/servlet-api/2.4/servlet-api-2.4.jar" 
         dest="${maven.repo.local}/javax/servlet/servlet-api/2.4/servlet-api-2.4.jar" 
         usetimestamp="false" 
         ignoreerrors="true"/>
    <get src="http://repo1.maven.org/maven2/javax/servlet/servlet-api/2.4/servlet-api-2.4.jar" 
         dest="${maven.repo.local}/javax/servlet/servlet-api/2.4/servlet-api-2.4.jar" 
         usetimestamp="false" 
         ignoreerrors="true"/>
    <mkdir dir="${maven.repo.local}/mysql/mysql-connector-java/5.1.6"/>
    <get src="http://people.apache.org/repo/m2-snapshot-repository/mysql/mysql-connector-java/5.1.6/mysql-connector-java-5.1.6.jar" 
         dest="${maven.repo.local}/mysql/mysql-connector-java/5.1.6/mysql-connector-java-5.1.6.jar" 
         usetimestamp="false" 
         ignoreerrors="true"/>
    <get src="http://download.java.net/maven/1/mysql/mysql-connector-java/5.1.6/mysql-connector-java-5.1.6.jar" 
         dest="${maven.repo.local}/mysql/mysql-connector-java/5.1.6/mysql-connector-java-5.1.6.jar" 
         usetimestamp="false" 
         ignoreerrors="true"/>
    <get src="http://repo1.maven.org/maven2/mysql/mysql-connector-java/5.1.6/mysql-connector-java-5.1.6.jar" 
         dest="${maven.repo.local}/mysql/mysql-connector-java/5.1.6/mysql-connector-java-5.1.6.jar" 
         usetimestamp="false" 
         ignoreerrors="true"/>
  </target>

</project>
